Q_ID,relevance_score
16309675,0.13655
8931405,0.237575
19391401,0.1456173177083333
14513042,0.2748075365331318
51502332,0.04166666666666666
